p_val,avg_logFC,pct.1,pct.2,p_val_adj,cluster,gene
0,1.233503396,0.578,0.212,0,4-5,IFI27
0,0.812095656,0.462,0.215,0,4-5,ISG15
0,0.786761941,0.518,0.221,0,4-5,PIM1
0,0.781603229,0.513,0.27,0,4-5,IFI6
0,0.742426648,0.717,0.5,0,4-5,IFITM3
0,0.727154461,0.488,0.211,0,4-5,IFI44L
0,0.716411251,0.525,0.285,0,4-5,OAS3
0,0.634437804,0.557,0.304,0,4-5,MX1
0,0.600509444,0.528,0.331,0,4-5,OAS2
0,0.574374209,0.504,0.286,0,4-5,LAP3
0,0.549377165,0.616,0.397,0,4-5,PLAC8
0,0.538608987,0.379,0.162,0,4-5,SIGLEC1
0,0.538289845,0.169,0.045,0,4-5,OTOF
0,0.518436567,0.28,0.111,0,4-5,RSAD2
0,0.509521574,0.211,0.053,0,4-5,LGALS3BP
0,0.508280013,0.635,0.447,0,4-5,XAF1
0,0.472555406,0.394,0.2,0,4-5,IFIT3
0,0.470661887,0.437,0.237,0,4-5,EPSTI1
0,0.395683292,0.779,0.663,0,4-5,TYMP
2.4578E-307,0.463104475,0.644,0.476,8.4913E-303,4-5,STAT1
2.5039E-285,0.449767568,0.415,0.228,8.6505E-281,4-5,GBP1
5.8767E-257,0.402080778,0.377,0.203,2.0303E-252,4-5,FCGR1A
2.0798E-253,0.418669051,0.389,0.215,7.1853E-249,4-5,IFI44
7.1836E-248,0.407978302,0.25,0.108,2.4818E-243,4-5,IFIT1
8.2853E-247,0.478271194,0.278,0.132,2.8624E-242,4-5,CES1
2.2487E-246,0.252155846,0.943,0.888,7.7687E-242,4-5,S100A8
5.0527E-241,0.462560097,0.306,0.154,1.7456E-236,4-5,HIST1H1E
3.1297E-233,0.357913702,0.803,0.731,1.0813E-228,4-5,RNF213
2.4486E-216,0.300535718,0.183,0.069,8.4594E-212,4-5,SERPING1
1.8183E-208,0.4151697,0.473,0.315,6.2817E-204,4-5,SOCS3
9.5847E-208,0.353388711,0.309,0.164,3.3113E-203,4-5,FCGR1B
2.9391E-206,0.384484848,0.192,0.079,1.0154E-201,4-5,IFITM1
3.8292E-204,0.429294825,0.493,0.344,1.3229E-199,4-5,KLF10
9.6396E-203,0.343029507,0.218,0.096,3.3303E-198,4-5,CMPK2
5.5632E-174,0.331313002,0.444,0.297,1.922E-169,4-5,SCO2
7.6E-174,0.406045162,0.491,0.355,2.6256E-169,4-5,MX2
2.5212E-173,0.395874878,0.232,0.118,8.7103E-169,4-5,ERAP2
4.7396E-155,0.379503716,0.43,0.294,1.6374E-150,4-5,SAMD9L
5.8129E-149,0.326409493,0.688,0.615,2.0082E-144,4-5,ADAR
8.4487E-145,0.317917108,0.438,0.301,2.9189E-140,4-5,PARP9
1.1611E-141,0.328614744,0.404,0.272,4.0115E-137,4-5,APOBEC3A
2.0755E-138,0.352174257,0.373,0.246,7.1706E-134,4-5,EIF2AK2
2.9371E-137,0.3679944,0.459,0.34,1.0147E-132,4-5,TRIM22
1.7832E-136,0.277902044,0.758,0.685,6.1604E-132,4-5,SELL
1.2855E-134,0.327564999,0.312,0.195,4.4412E-130,4-5,CUL1
9.1934E-133,0.39630035,0.278,0.167,3.1761E-128,4-5,GBP5
1.093E-131,0.268968363,0.185,0.091,3.776E-127,4-5,HERC5
1.6736E-131,0.301318151,0.325,0.204,5.7821E-127,4-5,IRF7
2.5507E-129,0.274275963,0.33,0.209,8.8122E-125,4-5,LY6E
1.2787E-124,0.30275782,0.205,0.109,4.4176E-120,4-5,OASL
2.3701E-124,0.336106782,0.19,0.099,8.1881E-120,4-5,HIST1H1D
4.0209E-124,0.287956818,0.629,0.535,1.3891E-119,4-5,CCNL1
1.8128E-118,0.339994372,0.516,0.413,6.2628E-114,4-5,PSMB9
1.9526E-114,0.289105399,0.276,0.172,6.7457E-110,4-5,PIM3
6.2E-106,0.292695086,0.507,0.4,2.142E-101,4-5,PSME2
1.2067E-101,0.296686434,0.44,0.335,4.16887E-97,4-5,BLVRA
2.7932E-98,0.269493195,0.542,0.444,9.64995E-94,4-5,PARP14
5.58024E-95,0.305170043,0.298,0.199,1.92786E-90,4-5,GBP4
1.47439E-92,0.276793892,0.38,0.278,5.09372E-88,4-5,PLSCR1
3.69049E-90,0.299163979,0.415,0.318,1.27499E-85,4-5,OAS1
3.99075E-80,0.324506472,0.538,0.456,1.37872E-75,4-5,WARS
1.04451E-77,0.258756594,0.315,0.225,3.60856E-73,4-5,STAB1
2.15988E-71,0.288985723,0.221,0.145,7.46194E-67,4-5,H1F0
1.38889E-70,0.251088507,0.401,0.311,4.79833E-66,4-5,DDX60L
9.24335E-70,0.261910849,0.379,0.293,3.19339E-65,4-5,DTX3L
2.63612E-61,0.279373945,0.349,0.271,9.10728E-57,4-5,SAMD9
6.52081E-46,0.270428563,0.387,0.325,2.25281E-41,4-5,CALR
3.40473E-41,0.251768211,0.283,0.221,1.17627E-36,4-5,RN7SL4P
7.803E-17,0.250561268,0.196,0.162,2.69578E-12,4-5,IGLC3
1.09718E-16,0.327675847,0.113,0.087,3.79054E-12,4-5,PRF1
5.08095E-13,0.265031608,0.151,0.125,1.75537E-08,4-5,GNLY
0,1.184033656,0.626,0.148,0,6-7,CLU
0,1.144955733,0.285,0.087,0,6-7,HBB
0,0.913251189,0.492,0.176,0,6-7,RNASE2
0,0.900422734,0.701,0.492,0,6-7,S100A12
0,0.894678747,0.973,0.869,0,6-7,S100A8
0,0.819174081,0.988,0.929,0,6-7,S100A9
0,0.727141758,0.793,0.584,0,6-7,PLBD1
0,0.71229021,0.451,0.19,0,6-7,C19orf59
0,0.703578746,0.505,0.293,0,6-7,CYP1B1
0,0.664364856,0.136,0.03,0,6-7,HBA2
0,0.663370207,0.591,0.363,0,6-7,FKBP5
0,0.653165689,0.118,0.023,0,6-7,IL1R2
0,0.636357621,0.34,0.093,0,6-7,IGLC3
0,0.635274936,0.564,0.276,0,6-7,MX1
0,0.621672925,0.771,0.576,0,6-7,CTSD
0,0.595026277,0.363,0.147,0,6-7,SIGLEC1
0,0.547906947,0.451,0.235,0,6-7,CCR2
0,0.542683131,0.622,0.419,0,6-7,NEAT1
0,0.53812491,0.366,0.181,0,6-7,ASGR2
0,0.536192885,0.494,0.252,0,6-7,DYSF
0,0.523985816,0.759,0.459,0,6-7,IFITM3
0,0.523577681,0.409,0.188,0,6-7,IFI44
0,0.519355245,0.655,0.419,0,6-7,XAF1
0,0.51179958,0.438,0.206,0,6-7,IFI44L
0,0.508526396,0.615,0.375,0,6-7,PLAC8
0,0.506394687,0.45,0.24,0,6-7,CCR1
0,0.499145812,0.692,0.496,0,6-7,CD63
0,0.498548336,0.666,0.503,0,6-7,LGALS1
0,0.495206879,0.966,0.871,0,6-7,VCAN
0,0.493044914,0.202,0.062,0,6-7,HP
0,0.486451617,0.512,0.324,0,6-7,HMGB2
0,0.486366972,0.51,0.207,0,6-7,IFI27
0,0.485351672,0.314,0.125,0,6-7,C3AR1
0,0.48225545,0.815,0.692,0,6-7,PKM
0,0.452935516,0.749,0.576,0,6-7,FPR1
0,0.44710547,0.485,0.286,0,6-7,ANPEP
0,0.444734717,0.526,0.241,0,6-7,IFI6
0,0.441609728,0.473,0.271,0,6-7,PARP9
0,0.439834087,0.866,0.784,0,6-7,CTSB
0,0.424000241,0.358,0.181,0,6-7,F5
0,0.419906662,0.884,0.779,0,6-7,GRN
0,0.416879185,0.151,0.032,0,6-7,IGHG1
0,0.416744308,0.803,0.657,0,6-7,SELL
0,0.373632159,0.235,0.084,0,6-7,MS4A4A
0,0.36336059,0.868,0.768,0,6-7,MNDA
0,0.360428644,0.132,0.029,0,6-7,IGHG2
0,0.342914503,0.183,0.055,0,6-7,FAM20A
0,0.322366,0.103,0.014,0,6-7,IGHG4
1.0261E-306,0.456753601,0.571,0.385,3.5451E-302,6-7,ACSL1
3.0208E-301,0.417399159,0.323,0.156,1.0436E-296,6-7,NFE2
1.791E-293,0.411625549,0.689,0.549,6.1877E-289,6-7,SERPINB1
6.2783E-290,0.38405336,0.367,0.19,2.169E-285,6-7,FCGR1A
5.4506E-285,0.39929516,0.348,0.179,1.8831E-280,6-7,B4GALT5
1.3709E-279,0.308795585,0.827,0.747,4.7362E-275,6-7,S100A4
1.1564E-271,0.369589569,0.512,0.319,3.9951E-267,6-7,OAS2
8.8541E-271,0.374795521,0.537,0.357,3.0589E-266,6-7,CTSA
2.0375E-268,0.508469779,0.494,0.333,7.0391E-264,6-7,CD163
1.2296E-262,0.374991328,0.658,0.497,4.2479E-258,6-7,CD36
5.0937E-262,0.404813959,0.406,0.231,1.7598E-257,6-7,EPSTI1
6.2848E-259,0.404869995,0.606,0.437,2.1713E-254,6-7,IFI16
3.727E-256,0.377694609,0.401,0.229,1.2876E-251,6-7,AQP9
3.3367E-255,0.420419309,0.608,0.444,1.1528E-250,6-7,SLC11A1
1.9279E-254,0.347691902,0.258,0.118,6.6605E-250,6-7,CD82
7.711E-247,0.418676828,0.377,0.217,2.664E-242,6-7,CR1
9.5386E-247,0.340893449,0.685,0.552,3.2954E-242,6-7,IL17RA
2.3402E-246,0.360741817,0.339,0.182,8.0849E-242,6-7,LMNB1
1.6794E-240,0.433834633,0.344,0.19,5.802E-236,6-7,LY6E
1.2378E-238,0.321484983,0.303,0.152,4.2765E-234,6-7,FCGR1B
3.557E-236,0.542688449,0.354,0.199,1.2289E-231,6-7,IFIT3
1.0347E-233,0.40640343,0.479,0.319,3.5746E-229,6-7,MAPK14
1.5247E-232,0.315388535,0.771,0.675,5.2676E-228,6-7,ANXA2
1.1549E-224,0.335341337,0.251,0.119,3.99E-220,6-7,MARC1
4.3512E-223,0.373956425,0.542,0.385,1.5033E-218,6-7,CKAP4
7.4959E-218,0.375543157,0.619,0.486,2.5897E-213,6-7,LDHA
1.0823E-217,0.339104241,0.471,0.305,3.7391E-213,6-7,FAM129A
1.5239E-217,0.307419069,0.231,0.106,5.2648E-213,6-7,FPR2
4.616E-213,0.279848782,0.116,0.034,1.5947E-208,6-7,TNNT1
5.2524E-213,0.334346298,0.355,0.204,1.8146E-208,6-7,SLC16A3
1.2809E-212,0.290899066,0.248,0.12,4.4254E-208,6-7,FAM129B
8.5522E-212,0.274740605,0.112,0.031,2.9546E-207,6-7,IGHA1
1.2307E-210,0.310052699,0.463,0.289,4.2518E-206,6-7,OAS3
1.9475E-210,0.285533966,0.81,0.699,6.7282E-206,6-7,CD14
3.147E-201,0.336421115,0.616,0.484,1.0872E-196,6-7,PGD
1.6349E-196,0.333368816,0.441,0.284,5.6481E-192,6-7,DDX60L
3.332E-196,0.257454346,0.787,0.707,1.1511E-191,6-7,CFL1
3.7441E-196,0.327177232,0.549,0.397,1.2935E-191,6-7,SPTLC2
1.4431E-193,0.294674267,0.271,0.142,4.9855E-189,6-7,IDH1
2.9032E-192,0.424132663,0.222,0.106,1.003E-187,6-7,IFIT1
9.5232E-189,0.369931513,0.494,0.34,3.2901E-184,6-7,MX2
1.885E-185,0.353674282,0.429,0.281,6.5125E-181,6-7,SAMD9L
9.526E-185,0.319921753,0.166,0.068,3.291E-180,6-7,RETN
1.9017E-182,0.333706796,0.494,0.348,6.57E-178,6-7,CCND3
1.9792E-180,0.375686427,0.438,0.299,6.8376E-176,6-7,GM2A
2.3879E-172,0.328944223,0.395,0.258,8.2496E-168,6-7,FAM198B
2.4236E-172,0.290231616,0.313,0.18,8.3729E-168,6-7,SLC25A37
1.0156E-169,0.256225889,0.792,0.732,3.5087E-165,6-7,ENO1
1.1305E-165,0.280807903,0.376,0.23,3.9057E-161,6-7,ISG15
1.4653E-163,0.307018175,0.656,0.544,5.0623E-159,6-7,FAM65B
9.3699E-163,0.252974884,0.802,0.724,3.2371E-158,6-7,RNF213
3.1428E-162,0.297915785,0.768,0.656,1.0858E-157,6-7,TYMP
6.9331E-160,0.328275206,0.321,0.194,2.3953E-155,6-7,IRF7
1.2692E-158,0.283778707,0.681,0.58,4.3847E-154,6-7,S100A10
7.2165E-157,0.283234368,0.367,0.234,2.4932E-152,6-7,CREB5
3.7492E-156,0.323501455,0.474,0.334,1.2953E-151,6-7,SHISA5
3.8635E-155,0.26695314,0.12,0.045,1.3348E-150,6-7,SLC39A8
2.5412E-154,0.306143728,0.25,0.138,8.7794E-150,6-7,HIP1
3.4478E-154,0.266863272,0.75,0.666,1.1912E-149,6-7,TSPO
2.1781E-153,0.288313821,0.434,0.299,7.525E-149,6-7,CAPG
5.8886E-152,0.550392376,0.243,0.138,2.0344E-147,6-7,THBS1
1.2249E-151,0.278686016,0.335,0.207,4.2319E-147,6-7,STAB1
1.076E-150,0.343701829,0.173,0.08,3.7174E-146,6-7,IGHM
4.4984E-150,0.279566203,0.335,0.209,1.5541E-145,6-7,TNFRSF1A
5.5838E-147,0.322616597,0.45,0.324,1.9291E-142,6-7,GCA
1.1296E-145,0.326587486,0.295,0.18,3.9025E-141,6-7,GIMAP7
1.6058E-143,0.288700822,0.425,0.292,5.5476E-139,6-7,RRBP1
2.8875E-141,0.385282236,0.222,0.121,9.9758E-137,6-7,RSAD2
1.3721E-137,0.254210294,0.345,0.22,4.7403E-133,6-7,IFNGR2
5.6434E-137,0.298132917,0.431,0.301,1.9497E-132,6-7,OAS1
1.4582E-133,0.28155753,0.499,0.372,5.0377E-129,6-7,MARCH1
2.1448E-132,0.251928615,0.473,0.337,7.4099E-128,6-7,LITAF
3.1488E-132,0.257984729,0.668,0.573,1.0879E-127,6-7,MEGF9
1.1466E-130,0.252291782,0.267,0.158,3.9612E-126,6-7,JAK3
3.5839E-130,0.267785536,0.591,0.462,1.2382E-125,6-7,SP100
1.6624E-127,0.260774265,0.389,0.264,5.7432E-123,6-7,PLSCR1
4.0623E-123,0.264570113,0.194,0.104,1.4034E-118,6-7,OASL
1.8714E-122,0.278368599,0.477,0.357,6.4654E-118,6-7,TLR2
3.5113E-122,0.298096158,0.64,0.514,1.2131E-117,6-7,IFITM2
5.2327E-121,0.250464301,0.387,0.266,1.8078E-116,6-7,HK3
2.1272E-119,0.285920156,0.572,0.459,7.349E-115,6-7,PTAFR
3.7299E-118,0.256376647,0.42,0.299,1.2886E-113,6-7,FLOT1
7.8628E-117,0.295919632,0.368,0.255,2.7165E-112,6-7,SAMD9
5.1316E-115,0.254078227,0.33,0.219,1.7729E-110,6-7,CRISPLD2
2.1207E-113,0.270111976,0.308,0.203,7.3266E-109,6-7,PHC2
2.1738E-113,0.259681274,0.417,0.303,7.5099E-109,6-7,TMEM167A
6.5846E-111,0.297607284,0.534,0.42,2.2748E-106,6-7,TNFSF10
2.9182E-107,0.319477571,0.45,0.337,1.0082E-102,6-7,TIMP1
2.2625E-106,0.2638579,0.606,0.506,7.8164E-102,6-7,CFLAR
2.0882E-104,0.256361367,0.211,0.124,7.2144E-100,6-7,HELZ2
4.07913E-97,0.253206739,0.51,0.406,1.40926E-92,6-7,BAZ1A
6.35327E-96,0.254962031,0.441,0.333,2.19493E-91,6-7,MSRB1
1.0941E-85,0.253400331,0.436,0.336,3.77991E-81,6-7,SLA
1.0147E-71,0.29194131,0.331,0.247,3.5056E-67,6-7,GBP1
6.36211E-63,0.278883716,0.292,0.215,2.19798E-58,6-7,LILRA3
9.56956E-54,0.359865439,0.608,0.534,3.30609E-49,6-7,AC009501.4
1.09457E-47,0.404447575,0.235,0.177,3.78151E-43,6-7,IFIT2
1.01314E-26,0.269490926,0.336,0.29,3.5002E-22,6-7,APOBEC3A
0,0.739082123,0.37,0.108,0,0,IL1B
0,0.705658981,0.526,0.181,0,0,CD83
0,0.630888277,0.393,0.142,0,0,ATF3
0,0.621563632,0.482,0.183,0,0,HLA-DQB1
0,0.610861951,0.741,0.436,0,0,HLA-DPA1
0,0.598754994,0.372,0.123,0,0,DUSP2
0,0.588817229,0.589,0.321,0,0,BTG2
0,0.573949941,0.521,0.24,0,0,NR4A2
0,0.550688501,0.492,0.251,0,0,CXCR4
0,0.543725426,0.671,0.403,0,0,HLA-DRB5
0,0.533802527,0.279,0.102,0,0,PTGS2
0,0.522646196,0.44,0.215,0,0,MS4A7
0,0.501898468,0.931,0.768,0,0,EEF2
0,0.490060451,0.662,0.39,0,0,HLA-DPB1
0,0.489872731,0.286,0.079,0,0,PMAIP1
0,0.468307138,0.575,0.38,0,0,NAP1L1
0,0.453767281,0.886,0.669,0,0,HLA-DRA
0,0.439309658,0.479,0.29,0,0,AHR
0,0.416668077,0.645,0.412,0,0,HSPA8
0,0.408408143,0.653,0.446,0,0,OGFRL1
0,0.403488143,0.19,0.051,0,0,OSM
0,0.39771301,0.34,0.162,0,0,DNAJB1
0,0.394145105,0.539,0.303,0,0,CD4
0,0.392725416,0.441,0.242,0,0,IER5
0,0.38957192,0.2,0.059,0,0,ZNF331
0,0.388825794,0.727,0.538,0,0,DDX3X
0,0.385618678,0.641,0.428,0,0,PNRC1
0,0.385044249,0.688,0.49,0,0,FOSB
0,0.381255669,0.765,0.573,0,0,JUNB
0,0.376196296,0.422,0.237,0,0,HSPA1A
0,0.36739071,0.218,0.079,0,0,HSPA1B
0,0.365068089,0.964,0.877,0,0,EEF1A1
0,0.362476678,0.707,0.515,0,0,BRD2
0,0.361020588,0.489,0.288,0,0,EEF1B2
0,0.358615361,0.857,0.679,0,0,HLA-DRB1
0,0.350413579,0.933,0.824,0,0,CD74
0,0.347273268,0.549,0.345,0,0,EIF3L
0,0.346857542,0.771,0.59,0,0,SLC25A6
0,0.337853135,0.158,0.035,0,0,TNF
0,0.336701624,0.981,0.91,0,0,PABPC1
0,0.330706222,0.64,0.438,0,0,EIF4B
0,0.328745333,0.639,0.424,0,0,CD52
0,0.323115271,0.898,0.771,0,0,DDX5
0,0.305785917,0.155,0.037,0,0,PLK2
0,0.259727201,0.897,0.775,0,0,EIF1
0,0.253380304,0.965,0.908,0,0,TPT1
5.1434E-293,0.313414502,0.618,0.41,1.7769E-288,0,TGFBI
6.1873E-292,0.307027633,0.209,0.077,2.1376E-287,0,ALDH1A1
4.4082E-289,0.339718038,0.628,0.435,1.5229E-284,0,SORL1
1.3881E-285,0.350289204,0.437,0.255,4.7955E-281,0,TAGAP
9.5715E-271,0.314552128,0.736,0.58,3.3067E-266,0,PPP1R15A
5.3914E-265,0.325273159,0.269,0.125,1.8626E-260,0,BRE
3.2525E-264,0.325071437,0.473,0.297,1.1237E-259,0,SNHG5
1.7388E-263,0.31023501,0.267,0.12,6.0071E-259,0,HLA-DQA1
1.7373E-261,0.287811431,0.352,0.189,6.0019E-257,0,HEXIM1
9.8076E-256,0.267659631,0.186,0.069,3.3883E-251,0,ARL5B
2.4056E-252,0.312696405,0.284,0.135,8.3108E-248,0,ETS1
1.8407E-249,0.273580305,0.914,0.913,6.3594E-245,0,LYZ
3.6007E-244,0.327136295,0.365,0.205,1.244E-239,0,TMEM154
5.2297E-244,0.280873329,0.6,0.421,1.8068E-239,0,EIF3C
7.2175E-244,0.334176089,0.489,0.325,2.4935E-239,0,SLC38A2
1.7014E-240,0.289582438,0.234,0.102,5.8779E-236,0,LTB
1.2763E-237,0.367432654,0.552,0.376,4.4093E-233,0,CSF1R
1.748E-232,0.29222523,0.268,0.131,6.0389E-228,0,TBC1D9
2.8937E-232,0.285165457,0.326,0.176,9.9973E-228,0,RYBP
4.0349E-232,0.337314382,0.724,0.567,1.394E-227,0,SOD2
1.4784E-229,0.250576382,0.24,0.107,5.1075E-225,0,TRBC2
4.5544E-229,0.272426329,0.284,0.144,1.5735E-224,0,TOB1
6.9397E-227,0.368540261,0.406,0.246,2.3975E-222,0,SPN
2.6349E-225,0.451688231,0.14,0.045,9.1029E-221,0,CDKN1C
1.5972E-223,0.287592642,0.53,0.362,5.5182E-219,0,SEPT9
7.0507E-222,0.263591087,0.262,0.128,2.4359E-217,0,RUNX3
2.4845E-219,0.251079601,0.26,0.127,8.5835E-215,0,MYLIP
5.0989E-219,0.268183811,0.623,0.446,1.7616E-214,0,LSP1
5.421E-218,0.268876918,0.628,0.463,1.8729E-213,0,GLTSCR2
2.8382E-216,0.272520152,0.577,0.409,9.8053E-212,0,RASSF5
1.1295E-213,0.287234351,0.383,0.23,3.9022E-209,0,PPM1F
6.0623E-211,0.253509104,0.629,0.453,2.0944E-206,0,IER2
3.0889E-210,0.320527598,0.205,0.088,1.0672E-205,0,IL7R
5.6499E-207,0.270696577,0.425,0.27,1.9519E-202,0,SLC25A5
1.1066E-205,0.254069719,0.283,0.151,3.8231E-201,0,PDCD4
2.0875E-201,0.273718361,0.201,0.088,7.2118E-197,0,CCL5
2.5602E-198,0.276819556,0.302,0.168,8.8451E-194,0,CD300LF
7.5035E-193,0.410242886,0.295,0.165,2.5923E-188,0,FCGR3B
9.7197E-192,0.336886393,0.285,0.152,3.358E-187,0,G0S2
2.2101E-188,0.259783637,0.48,0.33,7.6354E-184,0,EIF2S3
3.2328E-186,0.28269621,0.668,0.522,1.1169E-181,0,TNFAIP2
1.021E-179,0.256692063,0.516,0.366,3.5275E-175,0,RAB11FIP1
3.4962E-175,0.253620734,0.353,0.217,1.2079E-170,0,PABPC4
6.1E-161,0.260540971,0.311,0.187,2.1074E-156,0,SLC44A2
1.8094E-147,0.286738714,0.267,0.156,6.251E-143,0,RP11-290F20.3
2.3808E-145,0.437224904,0.376,0.25,8.2253E-141,0,FCGR3A
2.5085E-120,0.327642136,0.459,0.34,8.6664E-116,0,IL8
5.5683E-119,0.272030735,0.26,0.162,1.9237E-114,0,EIF4A3
5.51634E-82,0.358283838,0.143,0.081,1.90579E-77,0,CXCR2
0,0.979326241,0.795,0.532,0,1-3,AC009501.4
0,0.738199138,0.876,0.73,0,1-3,HLA-DRA
0,0.644226281,0.981,0.93,0,1-3,PABPC1
0,0.512776262,0.962,0.924,0,1-3,TPT1
0,0.448365962,0.945,0.903,0,1-3,EEF1A1
6.8999E-295,0.653852588,0.844,0.73,2.3838E-290,1-3,HLA-DRB1
4.6933E-288,0.365810288,0.983,0.959,1.6215E-283,1-3,HLA-E
5.5013E-274,0.317728448,0.992,0.974,1.9006E-269,1-3,CTSS
3.7874E-265,0.514983409,0.95,0.92,1.3085E-260,1-3,VIM
2.5076E-260,0.285221393,0.999,0.988,8.6634E-256,1-3,PSAP
3.5678E-257,0.264167611,1,0.994,1.2326E-252,1-3,HLA-B
1.1302E-234,0.473608092,0.907,0.857,3.9047E-230,1-3,CD74
5.8058E-230,0.577174098,0.182,0.048,2.0058E-225,1-3,XIST
1.783E-219,0.442217354,0.869,0.829,6.1599E-215,1-3,GNB2L1
1.3618E-206,0.45601589,0.86,0.828,4.7047E-202,1-3,TKT
2.0969E-198,0.506485823,0.784,0.722,7.2444E-194,1-3,NACA
4.3229E-195,0.591623421,0.786,0.704,1.4935E-190,1-3,RGS2
1.5854E-174,0.380420387,0.863,0.82,5.4771E-170,1-3,EEF2
2.5893E-172,0.491750585,0.845,0.834,8.9456E-168,1-3,TXNIP
1.9509E-166,0.60280036,0.609,0.498,6.7398E-162,1-3,EIF4B
1.2539E-162,0.65769955,0.614,0.471,4.3319E-158,1-3,HLA-DPB1
1.1274E-159,0.459000605,0.77,0.72,3.8949E-155,1-3,GNAS
9.975E-157,0.391548901,0.85,0.813,3.4462E-152,1-3,EIF1
2.258E-146,0.570425133,0.664,0.529,7.8009E-142,1-3,HLA-DPA1
1.9505E-144,0.454092098,0.846,0.814,6.7387E-140,1-3,SAT1
4.135E-119,0.55866403,0.621,0.559,1.4286E-114,1-3,ATF4
1.1601E-112,0.518980408,0.63,0.575,4.008E-108,1-3,CAST
1.4371E-110,0.39968198,0.726,0.686,4.9648E-106,1-3,PTMA
1.8621E-109,0.400675079,0.752,0.734,6.4333E-105,1-3,LRRFIP1
2.0101E-107,0.402442085,0.698,0.648,6.9446E-103,1-3,SLC25A6
1.096E-103,0.385497949,0.717,0.686,3.7864E-99,1-3,CSDE1
1.47209E-98,0.567010356,0.534,0.46,5.08576E-94,1-3,AP1S2
4.87078E-96,0.640432136,0.445,0.342,1.68276E-91,1-3,ATP2B1
2.08526E-92,0.357079675,0.878,0.902,7.20414E-88,1-3,FOS
2.49487E-90,0.609253446,0.538,0.468,8.61928E-86,1-3,JMJD1C
1.05077E-89,0.393122286,0.691,0.661,3.6302E-85,1-3,CCNI
1.25333E-79,0.451717613,0.643,0.62,4.32999E-75,1-3,LST1
2.78451E-78,0.472423686,0.536,0.477,9.61993E-74,1-3,EIF3C
1.23046E-75,0.512701165,0.516,0.44,4.25099E-71,1-3,NAP1L1
6.44026E-74,0.386944335,0.131,0.056,2.22498E-69,1-3,HLA-DQA2
2.52678E-71,0.541381643,0.422,0.341,8.72953E-67,1-3,EIF3F
3.157E-71,0.283640409,0.795,0.801,1.09068E-66,1-3,IQGAP1
6.88063E-71,0.561323866,0.396,0.307,2.37712E-66,1-3,HLA-DMB
1.49552E-70,0.705340788,0.419,0.329,5.16671E-66,1-3,NR4A2
2.01292E-70,0.250452531,0.91,0.913,6.95425E-66,1-3,PTPRC
8.45567E-70,0.46693836,0.57,0.488,2.92126E-65,1-3,HLA-DRB5
6.96033E-69,0.475840706,0.53,0.489,2.40466E-64,1-3,EIF3H
1.11697E-68,0.266422403,0.814,0.812,3.85892E-64,1-3,ARPC2
1.19351E-68,0.319257227,0.717,0.714,4.12334E-64,1-3,UBA52
1.60156E-66,0.312989054,0.732,0.737,5.53306E-62,1-3,PTP4A2
3.60577E-66,0.302474927,0.742,0.732,1.24572E-61,1-3,CD44
3.73163E-66,0.491344872,0.495,0.434,1.28921E-61,1-3,ALDH2
5.30613E-63,0.440011408,0.558,0.524,1.83316E-58,1-3,NCL
1.41645E-62,0.427749318,0.563,0.538,4.89357E-58,1-3,EIF3A
4.8356E-59,0.424663044,0.552,0.517,1.6706E-54,1-3,GLTSCR2
9.04558E-59,0.382473857,0.581,0.554,3.12507E-54,1-3,FCGRT
1.21868E-58,0.414640922,0.531,0.477,4.2103E-54,1-3,TGFBI
3.27048E-57,0.478274992,0.254,0.162,1.12988E-52,1-3,HLA-DQA1
1.06238E-56,0.600797915,0.478,0.43,3.67031E-52,1-3,GADD45B
1.20972E-56,0.351509953,0.646,0.639,4.17935E-52,1-3,TGOLN2
4.34364E-56,0.409047879,0.562,0.541,1.50064E-51,1-3,RNF130
1.94774E-55,0.311718962,0.685,0.687,6.72907E-51,1-3,COX4I1
3.90774E-55,0.36532112,0.633,0.627,1.35005E-50,1-3,PRRC2C
4.99936E-53,0.348208711,0.647,0.647,1.72718E-48,1-3,YBX1
1.84034E-51,0.549953551,0.584,0.556,6.35801E-47,1-3,FOSB
4.5159E-51,0.31680648,0.633,0.64,1.56015E-46,1-3,SF3B1
4.62486E-50,0.393808589,0.553,0.532,1.5978E-45,1-3,BTF3
6.92202E-50,0.310750728,0.653,0.655,2.39142E-45,1-3,CANX
6.43357E-49,0.46562399,0.479,0.443,2.22267E-44,1-3,CLEC12A
1.60417E-48,0.695152306,0.292,0.218,5.54209E-44,1-3,HBEGF
5.39144E-48,0.324618868,0.65,0.647,1.86263E-43,1-3,BTG1
6.58381E-48,0.386534913,0.542,0.509,2.27457E-43,1-3,CPVL
8.09514E-46,0.270187696,0.76,0.778,2.79671E-41,1-3,TNFRSF1B
4.89958E-45,0.454353151,0.432,0.381,1.69271E-40,1-3,PNISR
1.20559E-42,0.380090381,0.513,0.489,4.16508E-38,1-3,HNRNPDL
2.88155E-42,0.335730755,0.561,0.538,9.95518E-38,1-3,HSP90AB1
6.32849E-42,0.264761751,0.71,0.729,2.18637E-37,1-3,ITM2B
3.41154E-39,0.382623522,0.483,0.451,1.17862E-34,1-3,NBPF10
1.63094E-38,0.316740246,0.617,0.636,5.63456E-34,1-3,CALM2
6.65829E-38,0.492952834,0.342,0.283,2.3003E-33,1-3,HLA-DMA
1.58858E-36,0.341598444,0.574,0.578,5.48824E-32,1-3,SLC25A3
1.12647E-34,0.394401663,0.526,0.504,3.89173E-30,1-3,C5AR1
3.28944E-34,0.417991313,0.422,0.376,1.13643E-29,1-3,KLF10
3.9766E-34,0.623176531,0.257,0.192,1.37384E-29,1-3,G0S2
3.7872E-33,0.381902178,0.524,0.513,1.3084E-28,1-3,IER2
1.27744E-32,0.292382641,0.624,0.641,4.41331E-28,1-3,JUNB
2.089E-32,0.446988759,0.313,0.259,7.21709E-28,1-3,PABPC4
4.72834E-32,0.295517144,0.602,0.62,1.63355E-27,1-3,CFP
4.82393E-32,0.266357357,0.653,0.678,1.66657E-27,1-3,AKAP13
1.82404E-31,0.287658076,0.757,0.783,6.30168E-27,1-3,ANXA1
2.03978E-31,0.385281714,0.495,0.49,7.04705E-27,1-3,SULF2
3.7032E-31,0.34229379,0.525,0.517,1.27938E-26,1-3,OGFRL1
8.43069E-31,0.506087272,0.123,0.074,2.91264E-26,1-3,FOLR3
5.00353E-30,0.343803864,0.499,0.489,1.72862E-25,1-3,RBM3
8.80956E-30,0.302894538,0.108,0.061,3.04353E-25,1-3,PID1
1.91347E-29,0.324580325,0.575,0.603,6.61067E-25,1-3,MS4A6A
3.30745E-29,0.290851453,0.781,0.812,1.14266E-24,1-3,MCL1
4.66815E-29,0.37957695,0.438,0.414,1.61275E-24,1-3,EIF3L
5.32452E-29,0.372069355,0.569,0.583,1.83951E-24,1-3,BRD2
5.93898E-29,0.288084058,0.574,0.584,2.0518E-24,1-3,ARRB2
5.98834E-29,0.481510959,0.419,0.39,2.06885E-24,1-3,ID2
1.068E-27,0.298420718,0.585,0.604,3.68974E-23,1-3,RBM39
1.33853E-27,0.296102001,0.615,0.645,4.62437E-23,1-3,UBE2D3
2.58729E-27,0.457419828,0.32,0.277,8.93856E-23,1-3,PNN
3.26156E-27,0.411936386,0.386,0.357,1.1268E-22,1-3,ANP32B
3.66963E-27,0.40605124,0.342,0.297,1.26778E-22,1-3,C1orf63
3.83405E-27,0.376325057,0.445,0.424,1.32459E-22,1-3,POU2F2
9.03718E-27,0.587982488,0.405,0.389,3.12217E-22,1-3,PLAUR
3.49906E-26,0.428536377,0.169,0.117,1.20885E-21,1-3,ALDH1A1
8.0125E-26,0.2730154,0.632,0.662,2.76816E-21,1-3,GPX1
1.44582E-25,0.416482592,0.298,0.253,4.99503E-21,1-3,TTC3
2.31169E-25,0.293182023,0.553,0.569,7.98643E-21,1-3,JAK1
6.36384E-25,0.40537849,0.392,0.37,2.19858E-20,1-3,RSL1D1
2.42695E-24,0.284542804,0.659,0.702,8.38462E-20,1-3,LYN
7.7391E-24,0.338317981,0.412,0.382,2.6737E-19,1-3,CD4
6.65693E-22,0.359562784,0.452,0.443,2.29983E-17,1-3,BOD1L1
1.11958E-21,0.276417519,0.541,0.561,3.86792E-17,1-3,ATP5B
1.24342E-21,0.293163579,0.554,0.58,4.29575E-17,1-3,ZNF106
1.58874E-21,0.276869824,0.543,0.562,5.48878E-17,1-3,TMEM66
2.29867E-21,0.376478785,0.403,0.387,7.94146E-17,1-3,NLRP1
2.4755E-21,0.425881553,0.301,0.265,8.55235E-17,1-3,IL13RA1
4.00902E-21,0.321072189,0.554,0.577,1.38504E-16,1-3,KLF4
6.14555E-21,0.427028275,0.138,0.097,2.12317E-16,1-3,VEGFA
7.74005E-21,0.390148992,0.401,0.389,2.67403E-16,1-3,CHD1
7.85075E-21,0.380522409,0.241,0.197,2.71228E-16,1-3,CMTM3
1.09861E-20,0.456193858,0.275,0.236,3.79547E-16,1-3,LGALS2
2.05381E-20,0.292657082,0.529,0.554,7.09549E-16,1-3,SRSF5
5.25897E-20,0.304805539,0.512,0.531,1.81687E-15,1-3,HADHA
2.17523E-19,0.300019407,0.502,0.502,7.51497E-15,1-3,SORL1
6.09636E-19,0.424519192,0.377,0.355,2.10617E-14,1-3,CDKN1A
1.1003E-18,0.332215438,0.542,0.559,3.80132E-14,1-3,TSC22D3
1.15043E-18,0.263264989,0.548,0.566,3.97451E-14,1-3,HSP90B1
1.65491E-18,0.393310621,0.295,0.265,5.71739E-14,1-3,OXA1L
4.6831E-18,0.373462698,0.414,0.412,1.61792E-13,1-3,BNIP3L
4.68406E-18,0.322342908,0.465,0.47,1.61825E-13,1-3,NIPBL
2.86697E-17,0.266434347,0.528,0.549,9.90481E-13,1-3,GSTP1
7.08889E-17,0.295235617,0.48,0.5,2.44907E-12,1-3,TPI1
7.4547E-17,0.442665256,0.328,0.298,2.57545E-12,1-3,CD83
1.20474E-16,0.319163983,0.476,0.489,4.16213E-12,1-3,EIF5
3.93526E-16,0.314647012,0.482,0.506,1.35955E-11,1-3,CNPY3
4.53775E-16,0.388204074,0.354,0.341,1.5677E-11,1-3,YBX3
1.38158E-15,0.318254415,0.454,0.465,4.77309E-11,1-3,TET2
2.58185E-15,0.345364383,0.497,0.527,8.91978E-11,1-3,PTPRE
2.79515E-15,0.356972009,0.376,0.366,9.65667E-11,1-3,ANKRD11
2.85891E-15,0.389977335,0.259,0.229,9.87696E-11,1-3,IGBP1
4.40281E-15,0.35801444,0.237,0.203,1.52108E-10,1-3,TIAM1
7.42233E-15,0.328441941,0.436,0.444,2.56427E-10,1-3,PILRA
1.01168E-14,0.310960367,0.441,0.442,3.49517E-10,1-3,CCDC88A
1.87041E-14,0.332627617,0.301,0.272,6.46189E-10,1-3,NKTR
2.80044E-14,0.327261887,0.392,0.391,9.67496E-10,1-3,HP1BP3
3.5411E-14,0.302199657,0.458,0.471,1.22338E-09,1-3,AOAH
6.34068E-14,0.39106051,0.231,0.202,2.19058E-09,1-3,NFE2L2
8.5394E-14,0.345462539,0.362,0.354,2.95019E-09,1-3,CD86
1.34718E-13,0.293643911,0.473,0.489,4.65423E-09,1-3,IQGAP2
1.62283E-13,0.260871087,0.502,0.521,5.60654E-09,1-3,CFD
2.58535E-13,0.289646142,0.459,0.473,8.93186E-09,1-3,RNASET2
3.52536E-13,0.295915577,0.453,0.467,1.21794E-08,1-3,PLXDC2
3.94639E-13,0.320307081,0.407,0.412,1.3634E-08,1-3,KMT2E
5.2283E-13,0.307267699,0.438,0.457,1.80627E-08,1-3,MATR3
5.504E-13,0.268511861,0.14,0.106,1.90152E-08,1-3,CAMK1D
6.77932E-13,0.33363413,0.391,0.396,2.34212E-08,1-3,SPEN
7.69624E-13,0.303955746,0.47,0.491,2.6589E-08,1-3,ICAM3
8.38676E-13,0.334710233,0.405,0.411,2.89746E-08,1-3,CHD4
1.42989E-12,0.302047381,0.133,0.101,4.93997E-08,1-3,CXXC5
2.13486E-12,0.313028272,0.207,0.176,7.37552E-08,1-3,PRKX
2.53768E-12,0.328661293,0.372,0.368,8.76718E-08,1-3,ANKRD12
2.89974E-12,0.26143524,0.508,0.544,1.0018E-07,1-3,MTDH
3.88302E-12,0.31806313,0.359,0.352,1.34151E-07,1-3,EIF3E
4.52924E-12,0.308853882,0.394,0.397,1.56476E-07,1-3,SRSF11
2.03621E-11,0.332304632,0.356,0.355,7.0347E-07,1-3,C19orf43
2.35415E-11,0.281206164,0.479,0.505,8.13313E-07,1-3,PNRC1
2.51406E-11,0.303643468,0.201,0.173,8.68556E-07,1-3,CHURC1
2.76838E-11,0.269078982,0.453,0.476,9.5642E-07,1-3,SH3KBP1
2.96812E-11,0.329773686,0.325,0.315,1.02543E-06,1-3,CIRBP
3.16332E-11,0.259514567,0.505,0.544,1.09287E-06,1-3,SERP1
5.52266E-11,0.381077331,0.258,0.239,1.90797E-06,1-3,MIR22HG
8.86292E-11,0.384212695,0.312,0.3,3.06196E-06,1-3,CRIP1
9.37239E-11,0.302631125,0.227,0.196,3.23797E-06,1-3,ARL4C
1.8743E-10,0.399662584,0.104,0.078,6.47532E-06,1-3,RGCC
2.50475E-10,0.29608482,0.365,0.365,8.65341E-06,1-3,TPR
3.4945E-10,0.307360537,0.185,0.159,1.20728E-05,1-3,ARRDC2
5.26743E-10,0.315156293,0.348,0.352,1.81979E-05,1-3,SEC11A
1.53917E-09,0.31598989,0.399,0.416,5.31754E-05,1-3,TACC1
2.36245E-09,0.309161538,0.363,0.369,8.16178E-05,1-3,RASSF4
2.88597E-09,0.406567804,0.284,0.275,9.97044E-05,1-3,IVNS1ABP
2.89987E-09,0.386539194,0.406,0.434,0.000100185,1-3,HIF1A
3.69365E-09,0.322911913,0.258,0.243,0.000127608,1-3,LDHB
6.37461E-09,0.306273829,0.415,0.437,0.00022023,1-3,EEF1D
9.46708E-09,0.312904826,0.38,0.39,0.000327069,1-3,BPTF
1.41423E-08,0.303428944,0.282,0.271,0.000488587,1-3,ALDH3B1
1.48618E-08,0.253590685,0.45,0.48,0.000513446,1-3,IL10RA
1.67375E-08,0.301050771,0.386,0.403,0.000578246,1-3,BCLAF1
1.70207E-08,0.325708541,0.331,0.331,0.000588032,1-3,BAZ2B
2.26245E-08,0.295914104,0.416,0.442,0.000781632,1-3,MBD2
2.94889E-08,0.320348178,0.347,0.351,0.001018783,1-3,AKAP9
3.01436E-08,0.301064545,0.243,0.228,0.001041401,1-3,PHB2
3.60617E-08,0.298112904,0.36,0.371,0.001245861,1-3,NONO
5.27298E-08,0.267847657,0.479,0.514,0.001821708,1-3,CSF3R
5.31605E-08,0.285738705,0.425,0.449,0.00183659,1-3,KMT2C
6.77308E-08,0.324501571,0.376,0.394,0.002339963,1-3,RBM25
8.189E-08,0.269481132,0.156,0.133,0.002829135,1-3,SCRN1
8.70028E-08,0.291901971,0.219,0.202,0.003005774,1-3,FBL
9.01231E-08,0.402962387,0.128,0.106,0.003113571,1-3,ZNF331
1.64306E-07,0.278938431,0.423,0.454,0.005676447,1-3,SFPQ
1.853E-07,0.327738404,0.303,0.292,0.00640175,1-3,MS4A7
2.58594E-07,0.274017581,0.424,0.453,0.008933897,1-3,ELF1
2.79005E-07,0.269248255,0.409,0.433,0.009639062,1-3,ILF3
3.11844E-07,0.305437302,0.367,0.381,0.010773572,1-3,CEP350
3.54659E-07,0.336913007,0.339,0.348,0.012252764,1-3,RBBP6
4.76693E-07,0.294707959,0.293,0.289,0.01646879,1-3,PRPF4B
4.8036E-07,0.263185161,0.425,0.453,0.016595474,1-3,ATP5A1
8.35334E-07,0.305242334,0.305,0.304,0.028859114,1-3,PIK3R1
8.38177E-07,0.369488646,0.177,0.16,0.02895735,1-3,PDE4B
8.89028E-07,0.303322093,0.319,0.324,0.030714143,1-3,SLC25A5
9.42001E-07,0.30474141,0.341,0.351,0.032544264,1-3,CRTAP
1.23933E-06,0.264794096,0.438,0.478,0.042816504,1-3,WAC
1.81506E-06,0.270533733,0.21,0.194,0.062706692,1-3,FNBP4
2.79686E-06,0.260599986,0.433,0.471,0.096625997,1-3,MYCBP2
4.61622E-06,0.280012291,0.378,0.401,0.159481173,1-3,ARHGAP4
5.22539E-06,0.259941536,0.42,0.449,0.180526768,1-3,ITGA4
5.68182E-06,0.254156708,0.45,0.493,0.196295543,1-3,CTSH
7.09909E-06,0.270934223,0.35,0.367,0.245259424,1-3,EIF3D
9.523E-06,0.304306492,0.278,0.279,0.329000583,1-3,PPIG
9.60865E-06,0.299816642,0.321,0.333,0.331959677,1-3,BRK1
1.08679E-05,0.356213346,0.217,0.21,0.375465397,1-3,PER1
1.09625E-05,0.297478753,0.302,0.306,0.378731233,1-3,MIS18BP1
1.39468E-05,0.279935863,0.332,0.346,0.481834987,1-3,ZFAS1
2.2501E-05,0.258322729,0.372,0.396,0.777363994,1-3,HNRNPA3
2.45365E-05,0.378123616,0.239,0.3,0.847687391,1-3,FCGR3A
2.9662E-05,0.287816915,0.322,0.333,1,1-3,PHF3
3.16153E-05,0.317590678,0.222,0.208,1,1-3,DUSP2
3.63671E-05,0.325194431,0.284,0.29,1,1-3,HERPUD1
3.91736E-05,0.296307072,0.296,0.299,1,1-3,GOLGB1
4.52026E-05,0.266524874,0.394,0.42,1,1-3,RAB11FIP1
8.26548E-05,0.254449061,0.396,0.43,1,1-3,MKRN1
9.02461E-05,0.279313224,0.243,0.241,1,1-3,QARS
0.000121469,0.277121667,0.207,0.198,1,1-3,ZFC3H1
0.000127171,0.253754971,0.124,0.11,1,1-3,MXI1
0.000130221,0.296203016,0.403,0.442,1,1-3,YPEL5
0.000133952,0.287794976,0.244,0.242,1,1-3,AC013394.2
0.000166298,0.275881946,0.307,0.317,1,1-3,SRRM1
0.000192906,0.264801759,0.418,0.455,1,1-3,DDX21
0.000199232,0.287936961,0.286,0.296,1,1-3,MTCH1
0.000229602,0.270931422,0.205,0.196,1,1-3,TBL1X
0.000267394,0.269699934,0.23,0.229,1,1-3,EIF3CL
0.000297772,0.252255724,0.368,0.396,1,1-3,EIF4A2
0.000359299,0.268155519,0.347,0.37,1,1-3,SETD2
0.000362105,0.299080842,0.115,0.102,1,1-3,GPR183
0.000366123,0.281401425,0.318,0.332,1,1-3,NCOA1
0.000385788,0.266953965,0.376,0.41,1,1-3,EIF3K
0.000412552,0.271511245,0.34,0.361,1,1-3,CCNY
0.000462227,0.294570519,0.297,0.302,1,1-3,SPN
0.000504551,0.253593499,0.369,0.398,1,1-3,MAP4K4
0.000599897,0.256559225,0.143,0.174,1,1-3,THBS1
0.000742532,0.261343003,0.278,0.287,1,1-3,AUP1
0.00081208,0.276308185,0.27,0.276,1,1-3,ATG16L2
0.000818544,0.256612214,0.304,0.32,1,1-3,ARGLU1
0.000865483,0.28951151,0.285,0.298,1,1-3,GGNBP2
0.00095026,0.263916764,0.195,0.19,1,1-3,ENTPD1
0.000976124,0.264105291,0.279,0.286,1,1-3,KMT2A
0.001087877,0.300149904,0.223,0.223,1,1-3,FOXO3
0.001136136,0.269394953,0.258,0.263,1,1-3,REST
0.001145357,0.25473501,0.2,0.195,1,1-3,SFSWAP
0.001229158,0.28031353,0.242,0.245,1,1-3,LUC7L3
0.001232709,0.267225146,0.192,0.186,1,1-3,ZFHX3
0.001298142,0.282877773,0.317,0.339,1,1-3,KLF3
0.001355168,0.322512077,0.31,0.332,1,1-3,ETF1
0.00175218,0.288555385,0.281,0.294,1,1-3,FOXP1
0.003036174,0.255477863,0.288,0.301,1,1-3,SENP6
0.00305466,0.281372599,0.212,0.212,1,1-3,AMPD2
0.0031303,0.256943667,0.172,0.166,1,1-3,NDUFV1
0.003295344,0.255325911,0.134,0.126,1,1-3,AHCTF1
0.004319031,0.301193711,0.241,0.248,1,1-3,ATP1B3
0.004946207,0.335213045,0.278,0.287,1,1-3,HLA-DQB1
0.006205674,0.265704909,0.243,0.252,1,1-3,FXR1
0.006380047,0.284184787,0.266,0.281,1,1-3,TUFM
0.00656102,0.267162164,0.13,0.121,1,1-3,RHOC
0.006781467,0.270311931,0.258,0.269,1,1-3,ZFR
0.007491735,0.252622286,0.21,0.21,1,1-3,FBXW7
0.008041539,0.252856604,0.257,0.266,1,1-3,UBE2G2
0.008451502,0.252504246,0.196,0.195,1,1-3,SREK1
0.008623383,0.2669609,0.243,0.25,1,1-3,C6orf48
0.009730594,0.253718769,0.304,0.324,1,1-3,FAM21C